"","new_year","day_of_week","hijri_year"
"1","2018-07-18","Wednesday",1439.625
"2","2017-07-18","Tuesday",1438.59375
"3","2016-07-18","Monday",1437.5625
"4","2015-07-19","Sunday",1436.53125
"5","2014-07-19","Saturday",1435.5
"6","2013-07-19","Friday",1434.46875
"7","2012-07-19","Thursday",1433.4375
"8","2011-07-20","Wednesday",1432.40625
"9","2010-07-20","Tuesday",1431.375
"10","2009-07-20","Monday",1430.34375
"11","2008-07-20","Sunday",1429.3125
"12","2007-07-21","Saturday",1428.28125
"13","2006-07-21","Friday",1427.25
"14","2005-07-21","Thursday",1426.21875
"15","2004-07-21","Wednesday",1425.1875
"16","2003-07-22","Tuesday",1424.15625
"17","2002-07-22","Monday",1423.125
"18","2001-07-22","Sunday",1422.09375
"19","2000-07-22","Saturday",1421.0625
"20","1999-07-23","Friday",1420.03125
"21","1998-07-23","Thursday",1419
"22","1997-07-23","Wednesday",1417.96875
"23","1996-07-23","Tuesday",1416.9375
"24","1995-07-24","Monday",1415.90625
"25","1994-07-24","Sunday",1414.875
"26","1993-07-24","Saturday",1413.84375
"27","1992-07-24","Friday",1412.8125
"28","1991-07-25","Thursday",1411.78125
"29","1990-07-25","Wednesday",1410.75
"30","1989-07-25","Tuesday",1409.71875
"31","1988-07-25","Monday",1408.6875
"32","1987-07-26","Sunday",1407.65625
"33","1986-07-26","Saturday",1406.625
"34","1985-07-26","Friday",1405.59375
"35","1984-07-26","Thursday",1404.5625
"36","1983-07-27","Wednesday",1403.53125
"37","1982-07-27","Tuesday",1402.5
"38","1981-07-27","Monday",1401.46875
"39","1980-07-27","Sunday",1400.4375
"40","1979-07-28","Saturday",1399.40625
"41","1978-07-28","Friday",1398.375
"42","1977-07-28","Thursday",1397.34375
"43","1976-07-28","Wednesday",1396.3125
"44","1975-07-29","Tuesday",1395.28125
"45","1974-07-29","Monday",1394.25
"46","1973-07-29","Sunday",1393.21875
"47","1972-07-29","Saturday",1392.1875
"48","1971-07-30","Friday",1391.15625
"49","1970-07-30","Thursday",1390.125
"50","1969-07-30","Wednesday",1389.09375
"51","1968-07-30","Tuesday",1388.0625
"52","1967-07-31","Monday",1387.03125
"53","1966-07-31","Sunday",1386
"54","1965-07-31","Saturday",1384.96875
"55","1964-07-31","Friday",1383.9375
"56","1963-08-01","Thursday",1382.90625
"57","1962-08-01","Wednesday",1381.875
"58","1961-08-01","Tuesday",1380.84375
"59","1960-08-01","Monday",1379.8125
"60","1959-08-02","Sunday",1378.78125
"61","1958-08-02","Saturday",1377.75
"62","1957-08-02","Friday",1376.71875
"63","1956-08-02","Thursday",1375.6875
"64","1955-08-03","Wednesday",1374.65625
"65","1954-08-03","Tuesday",1373.625
"66","1953-08-03","Monday",1372.59375
"67","1952-08-03","Sunday",1371.5625
"68","1951-08-04","Saturday",1370.53125
"69","1950-08-04","Friday",1369.5
"70","1949-08-04","Thursday",1368.46875
"71","1948-08-04","Wednesday",1367.4375
"72","1947-08-05","Tuesday",1366.40625
"73","1946-08-05","Monday",1365.375
"74","1945-08-05","Sunday",1364.34375
"75","1944-08-05","Saturday",1363.3125
"76","1943-08-06","Friday",1362.28125
"77","1942-08-06","Thursday",1361.25
"78","1941-08-06","Wednesday",1360.21875
"79","1940-08-06","Tuesday",1359.1875
"80","1939-08-07","Monday",1358.15625
"81","1938-08-07","Sunday",1357.125
"82","1937-08-07","Saturday",1356.09375
"83","1936-08-07","Friday",1355.0625
"84","1935-08-08","Thursday",1354.03125
"85","1934-08-08","Wednesday",1353
"86","1933-08-08","Tuesday",1351.96875
"87","1932-08-08","Monday",1350.9375
"88","1931-08-09","Sunday",1349.90625
"89","1930-08-09","Saturday",1348.875
"90","1929-08-09","Friday",1347.84375
"91","1928-08-09","Thursday",1346.8125
"92","1927-08-10","Wednesday",1345.78125
"93","1926-08-10","Tuesday",1344.75
"94","1925-08-10","Monday",1343.71875
"95","1924-08-10","Sunday",1342.6875
"96","1923-08-11","Saturday",1341.65625
"97","1922-08-11","Friday",1340.625
"98","1921-08-11","Thursday",1339.59375
"99","1920-08-11","Wednesday",1338.5625
"100","1919-08-12","Tuesday",1337.53125
"101","1918-08-12","Monday",1336.5
"102","1917-08-12","Sunday",1335.46875
"103","1916-08-12","Saturday",1334.4375
"104","1915-08-13","Friday",1333.40625
"105","1914-08-13","Thursday",1332.375
"106","1913-08-13","Wednesday",1331.34375
"107","1912-08-13","Tuesday",1330.3125
"108","1911-08-14","Monday",1329.28125
"109","1910-08-14","Sunday",1328.25
"110","1909-08-14","Saturday",1327.21875
"111","1908-08-14","Friday",1326.1875
"112","1907-08-15","Thursday",1325.15625
"113","1906-08-15","Wednesday",1324.125
"114","1905-08-15","Tuesday",1323.09375
"115","1904-08-15","Monday",1322.0625
"116","1903-08-16","Sunday",1321.03125
"117","1902-08-16","Saturday",1320
"118","1901-08-16","Friday",1318.96875
"119","1900-08-16","Thursday",1317.9375
"120","1899-08-16","Wednesday",1316.90625
"121","1898-08-16","Tuesday",1315.875
"122","1897-08-16","Monday",1314.84375
"123","1896-08-16","Sunday",1313.8125
"124","1895-08-17","Saturday",1312.78125
"125","1894-08-17","Friday",1311.75
"126","1893-08-17","Thursday",1310.71875
"127","1892-08-17","Wednesday",1309.6875
"128","1891-08-18","Tuesday",1308.65625
"129","1890-08-18","Monday",1307.625
"130","1889-08-18","Sunday",1306.59375
"131","1888-08-18","Saturday",1305.5625
"132","1887-08-19","Friday",1304.53125
"133","1886-08-19","Thursday",1303.5
"134","1885-08-19","Wednesday",1302.46875
"135","1884-08-19","Tuesday",1301.4375
"136","1883-08-20","Monday",1300.40625
"137","1882-08-20","Sunday",1299.375
"138","1881-08-20","Saturday",1298.34375
"139","1880-08-20","Friday",1297.3125
"140","1879-08-21","Thursday",1296.28125
"141","1878-08-21","Wednesday",1295.25
"142","1877-08-21","Tuesday",1294.21875
"143","1876-08-21","Monday",1293.1875
"144","1875-08-22","Sunday",1292.15625
"145","1874-08-22","Saturday",1291.125
"146","1873-08-22","Friday",1290.09375
"147","1872-08-22","Thursday",1289.0625
"148","1871-08-23","Wednesday",1288.03125
"149","1870-08-23","Tuesday",1287
"150","1869-08-23","Monday",1285.96875
"151","1868-08-23","Sunday",1284.9375
"152","1867-08-24","Saturday",1283.90625
"153","1866-08-24","Friday",1282.875
"154","1865-08-24","Thursday",1281.84375
"155","1864-08-24","Wednesday",1280.8125
"156","1863-08-25","Tuesday",1279.78125
"157","1862-08-25","Monday",1278.75
"158","1861-08-25","Sunday",1277.71875
"159","1860-08-25","Saturday",1276.6875
"160","1859-08-26","Friday",1275.65625
"161","1858-08-26","Thursday",1274.625
"162","1857-08-26","Wednesday",1273.59375
"163","1856-08-26","Tuesday",1272.5625
"164","1855-08-27","Monday",1271.53125
"165","1854-08-27","Sunday",1270.5
"166","1853-08-27","Saturday",1269.46875
"167","1852-08-27","Friday",1268.4375
"168","1851-08-28","Thursday",1267.40625
"169","1850-08-28","Wednesday",1266.375
"170","1849-08-28","Tuesday",1265.34375
"171","1848-08-28","Monday",1264.3125
"172","1847-08-29","Sunday",1263.28125
"173","1846-08-29","Saturday",1262.25
"174","1845-08-29","Friday",1261.21875
"175","1844-08-29","Thursday",1260.1875
"176","1843-08-30","Wednesday",1259.15625
"177","1842-08-30","Tuesday",1258.125
"178","1841-08-30","Monday",1257.09375
"179","1840-08-30","Sunday",1256.0625
"180","1839-08-31","Saturday",1255.03125
"181","1838-08-31","Friday",1254
"182","1837-08-31","Thursday",1252.96875
"183","1836-08-31","Wednesday",1251.9375
"184","1835-09-01","Tuesday",1250.90625
"185","1834-09-01","Monday",1249.875
"186","1833-09-01","Sunday",1248.84375
"187","1832-09-01","Saturday",1247.8125
"188","1831-09-02","Friday",1246.78125
"189","1830-09-02","Thursday",1245.75
"190","1829-09-02","Wednesday",1244.71875
"191","1828-09-02","Tuesday",1243.6875
"192","1827-09-03","Monday",1242.65625
"193","1826-09-03","Sunday",1241.625
"194","1825-09-03","Saturday",1240.59375
"195","1824-09-03","Friday",1239.5625
"196","1823-09-04","Thursday",1238.53125
"197","1822-09-04","Wednesday",1237.5
"198","1821-09-04","Tuesday",1236.46875
"199","1820-09-04","Monday",1235.4375
"200","1819-09-05","Sunday",1234.40625
"201","1818-09-05","Saturday",1233.375
"202","1817-09-05","Friday",1232.34375
"203","1816-09-05","Thursday",1231.3125
"204","1815-09-06","Wednesday",1230.28125
"205","1814-09-06","Tuesday",1229.25
"206","1813-09-06","Monday",1228.21875
"207","1812-09-06","Sunday",1227.1875
"208","1811-09-07","Saturday",1226.15625
"209","1810-09-07","Friday",1225.125
"210","1809-09-07","Thursday",1224.09375
"211","1808-09-07","Wednesday",1223.0625
"212","1807-09-08","Tuesday",1222.03125
"213","1806-09-08","Monday",1221
"214","1805-09-08","Sunday",1219.96875
"215","1804-09-08","Saturday",1218.9375
"216","1803-09-09","Friday",1217.90625
"217","1802-09-09","Thursday",1216.875
"218","1801-09-09","Wednesday",1215.84375
"219","1800-09-09","Tuesday",1214.8125
"220","1799-09-09","Monday",1213.78125
"221","1798-09-09","Sunday",1212.75
"222","1797-09-09","Saturday",1211.71875
"223","1796-09-09","Friday",1210.6875
"224","1795-09-10","Thursday",1209.65625
"225","1794-09-10","Wednesday",1208.625
"226","1793-09-10","Tuesday",1207.59375
"227","1792-09-10","Monday",1206.5625
"228","1791-09-11","Sunday",1205.53125
"229","1790-09-11","Saturday",1204.5
"230","1789-09-11","Friday",1203.46875
"231","1788-09-11","Thursday",1202.4375
"232","1787-09-12","Wednesday",1201.40625
"233","1786-09-12","Tuesday",1200.375
"234","1785-09-12","Monday",1199.34375
"235","1784-09-12","Sunday",1198.3125
"236","1783-09-13","Saturday",1197.28125
"237","1782-09-13","Friday",1196.25
"238","1781-09-13","Thursday",1195.21875
"239","1780-09-13","Wednesday",1194.1875
"240","1779-09-14","Tuesday",1193.15625
"241","1778-09-14","Monday",1192.125
"242","1777-09-14","Sunday",1191.09375
"243","1776-09-14","Saturday",1190.0625
"244","1775-09-15","Friday",1189.03125
"245","1774-09-15","Thursday",1188
"246","1773-09-15","Wednesday",1186.96875
"247","1772-09-15","Tuesday",1185.9375
"248","1771-09-16","Monday",1184.90625
"249","1770-09-16","Sunday",1183.875
"250","1769-09-16","Saturday",1182.84375
"251","1768-09-16","Friday",1181.8125
"252","1767-09-17","Thursday",1180.78125
"253","1766-09-17","Wednesday",1179.75
"254","1765-09-17","Tuesday",1178.71875
"255","1764-09-17","Monday",1177.6875
"256","1763-09-18","Sunday",1176.65625
"257","1762-09-18","Saturday",1175.625
"258","1761-09-18","Friday",1174.59375
"259","1760-09-18","Thursday",1173.5625
"260","1759-09-19","Wednesday",1172.53125
"261","1758-09-19","Tuesday",1171.5
"262","1757-09-19","Monday",1170.46875
"263","1756-09-19","Sunday",1169.4375
"264","1755-09-20","Saturday",1168.40625
"265","1754-09-20","Friday",1167.375
"266","1753-09-20","Thursday",1166.34375
"267","1752-09-20","Wednesday",1165.3125
"268","1751-09-21","Tuesday",1164.28125
"269","1750-09-21","Monday",1163.25
"270","1749-09-21","Sunday",1162.21875
"271","1748-09-21","Saturday",1161.1875
"272","1747-09-22","Friday",1160.15625
"273","1746-09-22","Thursday",1159.125
"274","1745-09-22","Wednesday",1158.09375
"275","1744-09-22","Tuesday",1157.0625
"276","1743-09-23","Monday",1156.03125
"277","1742-09-23","Sunday",1155
"278","1741-09-23","Saturday",1153.96875
"279","1740-09-23","Friday",1152.9375
"280","1739-09-24","Thursday",1151.90625
"281","1738-09-24","Wednesday",1150.875
"282","1737-09-24","Tuesday",1149.84375
"283","1736-09-24","Monday",1148.8125
"284","1735-09-25","Sunday",1147.78125
"285","1734-09-25","Saturday",1146.75
"286","1733-09-25","Friday",1145.71875
"287","1732-09-25","Thursday",1144.6875
"288","1731-09-26","Wednesday",1143.65625
"289","1730-09-26","Tuesday",1142.625
"290","1729-09-26","Monday",1141.59375
"291","1728-09-26","Sunday",1140.5625
"292","1727-09-27","Saturday",1139.53125
"293","1726-09-27","Friday",1138.5
"294","1725-09-27","Thursday",1137.46875
"295","1724-09-27","Wednesday",1136.4375
"296","1723-09-28","Tuesday",1135.40625
"297","1722-09-28","Monday",1134.375
"298","1721-09-28","Sunday",1133.34375
"299","1720-09-28","Saturday",1132.3125
"300","1719-09-29","Friday",1131.28125
"301","1718-09-29","Thursday",1130.25
"302","1717-09-29","Wednesday",1129.21875
"303","1716-09-29","Tuesday",1128.1875
"304","1715-09-30","Monday",1127.15625
"305","1714-09-30","Sunday",1126.125
"306","1713-09-30","Saturday",1125.09375
"307","1712-09-30","Friday",1124.0625
"308","1711-10-01","Thursday",1123.03125
"309","1710-10-01","Wednesday",1122
"310","1709-10-01","Tuesday",1120.96875
"311","1708-10-01","Monday",1119.9375
"312","1707-10-02","Sunday",1118.90625
"313","1706-10-02","Saturday",1117.875
"314","1705-10-02","Friday",1116.84375
"315","1704-10-02","Thursday",1115.8125
"316","1703-10-03","Wednesday",1114.78125
"317","1702-10-03","Tuesday",1113.75
"318","1701-10-03","Monday",1112.71875
"319","1700-10-03","Sunday",1111.6875
"320","1699-10-03","Saturday",1110.65625
"321","1698-10-03","Friday",1109.625
"322","1697-10-03","Thursday",1108.59375
"323","1696-10-03","Wednesday",1107.5625
"324","1695-10-04","Tuesday",1106.53125
"325","1694-10-04","Monday",1105.5
"326","1693-10-04","Sunday",1104.46875
"327","1692-10-04","Saturday",1103.4375
"328","1691-10-05","Friday",1102.40625
"329","1690-10-05","Thursday",1101.375
"330","1689-10-05","Wednesday",1100.34375
"331","1688-10-05","Tuesday",1099.3125
"332","1687-10-06","Monday",1098.28125
"333","1686-10-06","Sunday",1097.25
"334","1685-10-06","Saturday",1096.21875
"335","1684-10-06","Friday",1095.1875
"336","1683-10-07","Thursday",1094.15625
"337","1682-10-07","Wednesday",1093.125
"338","1681-10-07","Tuesday",1092.09375
"339","1680-10-07","Monday",1091.0625
"340","1679-10-08","Sunday",1090.03125
"341","1678-10-08","Saturday",1089
"342","1677-10-08","Friday",1087.96875
"343","1676-10-08","Thursday",1086.9375
"344","1675-10-09","Wednesday",1085.90625
"345","1674-10-09","Tuesday",1084.875
"346","1673-10-09","Monday",1083.84375
"347","1672-10-09","Sunday",1082.8125
"348","1671-10-10","Saturday",1081.78125
"349","1670-10-10","Friday",1080.75
"350","1669-10-10","Thursday",1079.71875
"351","1668-10-10","Wednesday",1078.6875
"352","1667-10-11","Tuesday",1077.65625
"353","1666-10-11","Monday",1076.625
"354","1665-10-11","Sunday",1075.59375
"355","1664-10-11","Saturday",1074.5625
"356","1663-10-12","Friday",1073.53125
"357","1662-10-12","Thursday",1072.5
"358","1661-10-12","Wednesday",1071.46875
"359","1660-10-12","Tuesday",1070.4375
"360","1659-10-13","Monday",1069.40625
"361","1658-10-13","Sunday",1068.375
"362","1657-10-13","Saturday",1067.34375
"363","1656-10-13","Friday",1066.3125
"364","1655-10-14","Thursday",1065.28125
"365","1654-10-14","Wednesday",1064.25
"366","1653-10-14","Tuesday",1063.21875
"367","1652-10-14","Monday",1062.1875
"368","1651-10-15","Sunday",1061.15625
"369","1650-10-15","Saturday",1060.125
"370","1649-10-15","Friday",1059.09375
"371","1648-10-15","Thursday",1058.0625
"372","1647-10-16","Wednesday",1057.03125
"373","1646-10-16","Tuesday",1056
"374","1645-10-16","Monday",1054.96875
"375","1644-10-16","Sunday",1053.9375
"376","1643-10-17","Saturday",1052.90625
"377","1642-10-17","Friday",1051.875
"378","1641-10-17","Thursday",1050.84375
"379","1640-10-17","Wednesday",1049.8125
"380","1639-10-18","Tuesday",1048.78125
"381","1638-10-18","Monday",1047.75
"382","1637-10-18","Sunday",1046.71875
"383","1636-10-18","Saturday",1045.6875
"384","1635-10-19","Friday",1044.65625
"385","1634-10-19","Thursday",1043.625
"386","1633-10-19","Wednesday",1042.59375
"387","1632-10-19","Tuesday",1041.5625
"388","1631-10-20","Monday",1040.53125
"389","1630-10-20","Sunday",1039.5
"390","1629-10-20","Saturday",1038.46875
"391","1628-10-20","Friday",1037.4375
"392","1627-10-21","Thursday",1036.40625
"393","1626-10-21","Wednesday",1035.375
"394","1625-10-21","Tuesday",1034.34375
"395","1624-10-21","Monday",1033.3125
"396","1623-10-22","Sunday",1032.28125
"397","1622-10-22","Saturday",1031.25
"398","1621-10-22","Friday",1030.21875
"399","1620-10-22","Thursday",1029.1875
"400","1619-10-23","Wednesday",1028.15625
"401","1618-10-23","Tuesday",1027.125
"402","1617-10-23","Monday",1026.09375
"403","1616-10-23","Sunday",1025.0625
"404","1615-10-24","Saturday",1024.03125
"405","1614-10-24","Friday",1023
"406","1613-10-24","Thursday",1021.96875
"407","1612-10-24","Wednesday",1020.9375
"408","1611-10-25","Tuesday",1019.90625
"409","1610-10-25","Monday",1018.875
"410","1609-10-25","Sunday",1017.84375
"411","1608-10-25","Saturday",1016.8125
"412","1607-10-26","Friday",1015.78125
"413","1606-10-26","Thursday",1014.75
"414","1605-10-26","Wednesday",1013.71875
"415","1604-10-26","Tuesday",1012.6875
"416","1603-10-27","Monday",1011.65625
"417","1602-10-27","Sunday",1010.625
"418","1601-10-27","Saturday",1009.59375
"419","1600-10-27","Friday",1008.5625
"420","1599-10-28","Thursday",1007.53125
"421","1598-10-28","Wednesday",1006.5
"422","1597-10-28","Tuesday",1005.46875
"423","1596-10-28","Monday",1004.4375
"424","1595-10-29","Sunday",1003.40625
"425","1594-10-29","Saturday",1002.375
"426","1593-10-29","Friday",1001.34375
"427","1592-10-29","Thursday",1000.3125
"428","1591-10-30","Wednesday",999.28125
"429","1590-10-30","Tuesday",998.25
"430","1589-10-30","Monday",997.21875
"431","1588-10-30","Sunday",996.1875
"432","1587-10-31","Saturday",995.15625
"433","1586-10-31","Friday",994.125
"434","1585-10-31","Thursday",993.09375
"435","1584-10-31","Wednesday",992.0625
"436","1583-11-01","Tuesday",991.03125
"437","1582-11-01","Monday",990
"438","1581-11-01","Sunday",988.96875
"439","1580-11-01","Saturday",987.9375
"440","1579-11-02","Friday",986.90625
"441","1578-11-02","Thursday",985.875
"442","1577-11-02","Wednesday",984.84375
"443","1576-11-02","Tuesday",983.8125
"444","1575-11-03","Monday",982.78125
"445","1574-11-03","Sunday",981.75
"446","1573-11-03","Saturday",980.71875
"447","1572-11-03","Friday",979.6875
"448","1571-11-04","Thursday",978.65625
"449","1570-11-04","Wednesday",977.625
"450","1569-11-04","Tuesday",976.59375
"451","1568-11-04","Monday",975.5625
"452","1567-11-05","Sunday",974.53125
"453","1566-11-05","Saturday",973.5
"454","1565-11-05","Friday",972.46875
"455","1564-11-05","Thursday",971.4375
"456","1563-11-06","Wednesday",970.40625
"457","1562-11-06","Tuesday",969.375
"458","1561-11-06","Monday",968.34375
"459","1560-11-06","Sunday",967.3125
"460","1559-11-07","Saturday",966.28125
"461","1558-11-07","Friday",965.25
"462","1557-11-07","Thursday",964.21875
"463","1556-11-07","Wednesday",963.1875
"464","1555-11-08","Tuesday",962.15625
"465","1554-11-08","Monday",961.125
"466","1553-11-08","Sunday",960.09375
"467","1552-11-08","Saturday",959.0625
"468","1551-11-09","Friday",958.03125
"469","1550-11-09","Thursday",957
"470","1549-11-09","Wednesday",955.96875
"471","1548-11-09","Tuesday",954.9375
"472","1547-11-10","Monday",953.90625
"473","1546-11-10","Sunday",952.875
"474","1545-11-10","Saturday",951.84375
"475","1544-11-10","Friday",950.8125
"476","1543-11-11","Thursday",949.78125
"477","1542-11-11","Wednesday",948.75
"478","1541-11-11","Tuesday",947.71875
"479","1540-11-11","Monday",946.6875
"480","1539-11-12","Sunday",945.65625
"481","1538-11-12","Saturday",944.625
"482","1537-11-12","Friday",943.59375
"483","1536-11-12","Thursday",942.5625
"484","1535-11-13","Wednesday",941.53125
"485","1534-11-13","Tuesday",940.5
"486","1533-11-13","Monday",939.46875
"487","1532-11-13","Sunday",938.4375
"488","1531-11-14","Saturday",937.40625
"489","1530-11-14","Friday",936.375
"490","1529-11-14","Thursday",935.34375
"491","1528-11-14","Wednesday",934.3125
"492","1527-11-15","Tuesday",933.28125
"493","1526-11-15","Monday",932.25
"494","1525-11-15","Sunday",931.21875
"495","1524-11-15","Saturday",930.1875
"496","1523-11-16","Friday",929.15625
"497","1522-11-16","Thursday",928.125
"498","1521-11-16","Wednesday",927.09375
"499","1520-11-16","Tuesday",926.0625
"500","1519-11-17","Monday",925.03125
"501","1518-11-17","Sunday",924
"502","1517-11-17","Saturday",922.96875
"503","1516-11-17","Friday",921.9375
"504","1515-11-18","Thursday",920.90625
"505","1514-11-18","Wednesday",919.875
"506","1513-11-18","Tuesday",918.84375
"507","1512-11-18","Monday",917.8125
"508","1511-11-19","Sunday",916.78125
"509","1510-11-19","Saturday",915.75
"510","1509-11-19","Friday",914.71875
"511","1508-11-19","Thursday",913.6875
"512","1507-11-20","Wednesday",912.65625
"513","1506-11-20","Tuesday",911.625
"514","1505-11-20","Monday",910.59375
"515","1504-11-20","Sunday",909.5625
"516","1503-11-21","Saturday",908.53125
"517","1502-11-21","Friday",907.5
"518","1501-11-21","Thursday",906.46875
"519","1500-11-21","Wednesday",905.4375
"520","1499-11-21","Tuesday",904.40625
"521","1498-11-21","Monday",903.375
"522","1497-11-21","Sunday",902.34375
"523","1496-11-21","Saturday",901.3125
"524","1495-11-22","Friday",900.28125
"525","1494-11-22","Thursday",899.25
"526","1493-11-22","Wednesday",898.21875
"527","1492-11-22","Tuesday",897.1875
"528","1491-11-23","Monday",896.15625
"529","1490-11-23","Sunday",895.125
"530","1489-11-23","Saturday",894.09375
"531","1488-11-23","Friday",893.0625
"532","1487-11-24","Thursday",892.03125
"533","1486-11-24","Wednesday",891
"534","1485-11-24","Tuesday",889.96875
"535","1484-11-24","Monday",888.9375
"536","1483-11-25","Sunday",887.90625
"537","1482-11-25","Saturday",886.875
"538","1481-11-25","Friday",885.84375
"539","1480-11-25","Thursday",884.8125
"540","1479-11-26","Wednesday",883.78125
"541","1478-11-26","Tuesday",882.75
"542","1477-11-26","Monday",881.71875
"543","1476-11-26","Sunday",880.6875
"544","1475-11-27","Saturday",879.65625
"545","1474-11-27","Friday",878.625
"546","1473-11-27","Thursday",877.59375
"547","1472-11-27","Wednesday",876.5625
"548","1471-11-28","Tuesday",875.53125
"549","1470-11-28","Monday",874.5
"550","1469-11-28","Sunday",873.46875
"551","1468-11-28","Saturday",872.4375
"552","1467-11-29","Friday",871.40625
"553","1466-11-29","Thursday",870.375
"554","1465-11-29","Wednesday",869.34375
"555","1464-11-29","Tuesday",868.3125
"556","1463-11-30","Monday",867.28125
"557","1462-11-30","Sunday",866.25
"558","1461-11-30","Saturday",865.21875
"559","1460-11-30","Friday",864.1875
"560","1459-12-01","Thursday",863.15625
"561","1458-12-01","Wednesday",862.125
"562","1457-12-01","Tuesday",861.09375
"563","1456-12-01","Monday",860.0625
"564","1455-12-02","Sunday",859.03125
"565","1454-12-02","Saturday",858
"566","1453-12-02","Friday",856.96875
"567","1452-12-02","Thursday",855.9375
"568","1451-12-03","Wednesday",854.90625
"569","1450-12-03","Tuesday",853.875
"570","1449-12-03","Monday",852.84375
"571","1448-12-03","Sunday",851.8125
"572","1447-12-04","Saturday",850.78125
"573","1446-12-04","Friday",849.75
"574","1445-12-04","Thursday",848.71875
"575","1444-12-04","Wednesday",847.6875
"576","1443-12-05","Tuesday",846.65625
"577","1442-12-05","Monday",845.625
"578","1441-12-05","Sunday",844.59375
"579","1440-12-05","Saturday",843.5625
"580","1439-12-06","Friday",842.53125
"581","1438-12-06","Thursday",841.5
"582","1437-12-06","Wednesday",840.46875
"583","1436-12-06","Tuesday",839.4375
"584","1435-12-07","Monday",838.40625
"585","1434-12-07","Sunday",837.375
"586","1433-12-07","Saturday",836.34375
"587","1432-12-07","Friday",835.3125
"588","1431-12-08","Thursday",834.28125
"589","1430-12-08","Wednesday",833.25
"590","1429-12-08","Tuesday",832.21875
"591","1428-12-08","Monday",831.1875
"592","1427-12-09","Sunday",830.15625
"593","1426-12-09","Saturday",829.125
"594","1425-12-09","Friday",828.09375
"595","1424-12-09","Thursday",827.0625
"596","1423-12-10","Wednesday",826.03125
"597","1422-12-10","Tuesday",825
"598","1421-12-10","Monday",823.96875
"599","1420-12-10","Sunday",822.9375
"600","1419-12-11","Saturday",821.90625
"601","1418-12-11","Friday",820.875
"602","1417-12-11","Thursday",819.84375
"603","1416-12-11","Wednesday",818.8125
"604","1415-12-12","Tuesday",817.78125
"605","1414-12-12","Monday",816.75
"606","1413-12-12","Sunday",815.71875
"607","1412-12-12","Saturday",814.6875
"608","1411-12-13","Friday",813.65625
"609","1410-12-13","Thursday",812.625
"610","1409-12-13","Wednesday",811.59375
"611","1408-12-13","Tuesday",810.5625
"612","1407-12-14","Monday",809.53125
"613","1406-12-14","Sunday",808.5
"614","1405-12-14","Saturday",807.46875
"615","1404-12-14","Friday",806.4375
"616","1403-12-15","Thursday",805.40625
"617","1402-12-15","Wednesday",804.375
"618","1401-12-15","Tuesday",803.34375
"619","1400-12-15","Monday",802.3125
"620","1399-12-15","Sunday",801.28125
"621","1398-12-15","Saturday",800.25
"622","1397-12-15","Friday",799.21875
"623","1396-12-15","Thursday",798.1875
"624","1395-12-16","Wednesday",797.15625
"625","1394-12-16","Tuesday",796.125
"626","1393-12-16","Monday",795.09375
"627","1392-12-16","Sunday",794.0625
"628","1391-12-17","Saturday",793.03125
"629","1390-12-17","Friday",792
"630","1389-12-17","Thursday",790.96875
"631","1388-12-17","Wednesday",789.9375
"632","1387-12-18","Tuesday",788.90625
"633","1386-12-18","Monday",787.875
"634","1385-12-18","Sunday",786.84375
"635","1384-12-18","Saturday",785.8125
"636","1383-12-19","Friday",784.78125
"637","1382-12-19","Thursday",783.75
"638","1381-12-19","Wednesday",782.71875
"639","1380-12-19","Tuesday",781.6875
"640","1379-12-20","Monday",780.65625
"641","1378-12-20","Sunday",779.625
"642","1377-12-20","Saturday",778.59375
"643","1376-12-20","Friday",777.5625
"644","1375-12-21","Thursday",776.53125
"645","1374-12-21","Wednesday",775.5
"646","1373-12-21","Tuesday",774.46875
"647","1372-12-21","Monday",773.4375
"648","1371-12-22","Sunday",772.40625
"649","1370-12-22","Saturday",771.375
"650","1369-12-22","Friday",770.34375
"651","1368-12-22","Thursday",769.3125
"652","1367-12-23","Wednesday",768.28125
"653","1366-12-23","Tuesday",767.25
"654","1365-12-23","Monday",766.21875
"655","1364-12-23","Sunday",765.1875
"656","1363-12-24","Saturday",764.15625
"657","1362-12-24","Friday",763.125
"658","1361-12-24","Thursday",762.09375
"659","1360-12-24","Wednesday",761.0625
"660","1359-12-25","Tuesday",760.03125
"661","1358-12-25","Monday",759
"662","1357-12-25","Sunday",757.96875
"663","1356-12-25","Saturday",756.9375
"664","1355-12-26","Friday",755.90625
"665","1354-12-26","Thursday",754.875
"666","1353-12-26","Wednesday",753.84375
"667","1352-12-26","Tuesday",752.8125
"668","1351-12-27","Monday",751.78125
"669","1350-12-27","Sunday",750.75
"670","1349-12-27","Saturday",749.71875
"671","1348-12-27","Friday",748.6875
"672","1347-12-28","Thursday",747.65625
"673","1346-12-28","Wednesday",746.625
"674","1345-12-28","Tuesday",745.59375
"675","1344-12-28","Monday",744.5625
"676","1343-12-29","Sunday",743.53125
"677","1342-12-29","Saturday",742.5
"678","1341-12-29","Friday",741.46875
"679","1340-12-29","Thursday",740.4375
"680","1339-12-30","Wednesday",739.40625
"681","1338-12-30","Tuesday",738.375
"682","1337-12-30","Monday",737.34375
"683","1336-12-30","Sunday",736.3125
"684","1335-12-31","Saturday",735.28125
"685","1334-12-31","Friday",734.25
"686","1333-12-31","Thursday",733.21875
"687","1332-12-31","Wednesday",732.1875
"688","1332-01-01","Tuesday",732.1875
"689","1331-01-01","Monday",731.15625
"690","1330-01-01","Sunday",730.125
"691","1329-01-01","Saturday",729.09375
"692","1328-01-02","Friday",728.0625
"693","1327-01-02","Thursday",727.03125
"694","1326-01-02","Wednesday",726
"695","1325-01-02","Tuesday",724.96875
"696","1324-01-03","Monday",723.9375
"697","1323-01-03","Sunday",722.90625
"698","1322-01-03","Saturday",721.875
"699","1321-01-03","Friday",720.84375
"700","1320-01-04","Thursday",719.8125
"701","1319-01-04","Wednesday",718.78125
"702","1318-01-04","Tuesday",717.75
"703","1317-01-04","Monday",716.71875
"704","1316-01-05","Sunday",715.6875
"705","1315-01-05","Saturday",714.65625
"706","1314-01-05","Friday",713.625
"707","1313-01-05","Thursday",712.59375
"708","1312-01-06","Wednesday",711.5625
"709","1311-01-06","Tuesday",710.53125
"710","1310-01-06","Monday",709.5
"711","1309-01-06","Sunday",708.46875
"712","1308-01-07","Saturday",707.4375
"713","1307-01-07","Friday",706.40625
"714","1306-01-07","Thursday",705.375
"715","1305-01-07","Wednesday",704.34375
"716","1304-01-08","Tuesday",703.3125
"717","1303-01-08","Monday",702.28125
"718","1302-01-08","Sunday",701.25
"719","1301-01-08","Saturday",700.21875
"720","1300-01-08","Friday",699.1875
"721","1299-01-08","Thursday",698.15625
"722","1298-01-08","Wednesday",697.125
"723","1297-01-08","Tuesday",696.09375
"724","1296-01-09","Monday",695.0625
"725","1295-01-09","Sunday",694.03125
"726","1294-01-09","Saturday",693
"727","1293-01-09","Friday",691.96875
"728","1292-01-10","Thursday",690.9375
"729","1291-01-10","Wednesday",689.90625
"730","1290-01-10","Tuesday",688.875
"731","1289-01-10","Monday",687.84375
"732","1288-01-11","Sunday",686.8125
"733","1287-01-11","Saturday",685.78125
"734","1286-01-11","Friday",684.75
"735","1285-01-11","Thursday",683.71875
"736","1284-01-12","Wednesday",682.6875
"737","1283-01-12","Tuesday",681.65625
"738","1282-01-12","Monday",680.625
"739","1281-01-12","Sunday",679.59375
"740","1280-01-13","Saturday",678.5625
"741","1279-01-13","Friday",677.53125
"742","1278-01-13","Thursday",676.5
"743","1277-01-13","Wednesday",675.46875
"744","1276-01-14","Tuesday",674.4375
"745","1275-01-14","Monday",673.40625
"746","1274-01-14","Sunday",672.375
"747","1273-01-14","Saturday",671.34375
"748","1272-01-15","Friday",670.3125
"749","1271-01-15","Thursday",669.28125
"750","1270-01-15","Wednesday",668.25
"751","1269-01-15","Tuesday",667.21875
"752","1268-01-16","Monday",666.1875
"753","1267-01-16","Sunday",665.15625
"754","1266-01-16","Saturday",664.125
"755","1265-01-16","Friday",663.09375
"756","1264-01-17","Thursday",662.0625
"757","1263-01-17","Wednesday",661.03125
"758","1262-01-17","Tuesday",660
"759","1261-01-17","Monday",658.96875
"760","1260-01-18","Sunday",657.9375
"761","1259-01-18","Saturday",656.90625
"762","1258-01-18","Friday",655.875
"763","1257-01-18","Thursday",654.84375
"764","1256-01-19","Wednesday",653.8125
"765","1255-01-19","Tuesday",652.78125
"766","1254-01-19","Monday",651.75
"767","1253-01-19","Sunday",650.71875
"768","1252-01-20","Saturday",649.6875
"769","1251-01-20","Friday",648.65625
"770","1250-01-20","Thursday",647.625
"771","1249-01-20","Wednesday",646.59375
"772","1248-01-21","Tuesday",645.5625
"773","1247-01-21","Monday",644.53125
"774","1246-01-21","Sunday",643.5
"775","1245-01-21","Saturday",642.46875
"776","1244-01-22","Friday",641.4375
"777","1243-01-22","Thursday",640.40625
"778","1242-01-22","Wednesday",639.375
"779","1241-01-22","Tuesday",638.34375
"780","1240-01-23","Monday",637.3125
"781","1239-01-23","Sunday",636.28125
"782","1238-01-23","Saturday",635.25
"783","1237-01-23","Friday",634.21875
"784","1236-01-24","Thursday",633.1875
"785","1235-01-24","Wednesday",632.15625
"786","1234-01-24","Tuesday",631.125
"787","1233-01-24","Monday",630.09375
"788","1232-01-25","Sunday",629.0625
"789","1231-01-25","Saturday",628.03125
"790","1230-01-25","Friday",627
"791","1229-01-25","Thursday",625.96875
"792","1228-01-26","Wednesday",624.9375
"793","1227-01-26","Tuesday",623.90625
"794","1226-01-26","Monday",622.875
"795","1225-01-26","Sunday",621.84375
"796","1224-01-27","Saturday",620.8125
"797","1223-01-27","Friday",619.78125
"798","1222-01-27","Thursday",618.75
"799","1221-01-27","Wednesday",617.71875
"800","1220-01-28","Tuesday",616.6875
"801","1219-01-28","Monday",615.65625
"802","1218-01-28","Sunday",614.625
"803","1217-01-28","Saturday",613.59375
"804","1216-01-29","Friday",612.5625
"805","1215-01-29","Thursday",611.53125
"806","1214-01-29","Wednesday",610.5
"807","1213-01-29","Tuesday",609.46875
"808","1212-01-30","Monday",608.4375
"809","1211-01-30","Sunday",607.40625
"810","1210-01-30","Saturday",606.375
"811","1209-01-30","Friday",605.34375
"812","1208-01-31","Thursday",604.3125
"813","1207-01-31","Wednesday",603.28125
"814","1206-01-31","Tuesday",602.25
"815","1205-01-31","Monday",601.21875
"816","1204-02-01","Sunday",600.1875
"817","1203-02-01","Saturday",599.15625
"818","1202-02-01","Friday",598.125
"819","1201-02-01","Thursday",597.09375
"820","1200-02-02","Wednesday",596.0625
"821","1199-02-02","Tuesday",595.03125
"822","1198-02-02","Monday",594
"823","1197-02-02","Sunday",592.96875
"824","1196-02-03","Saturday",591.9375
"825","1195-02-03","Friday",590.90625
"826","1194-02-03","Thursday",589.875
"827","1193-02-03","Wednesday",588.84375
"828","1192-02-04","Tuesday",587.8125
"829","1191-02-04","Monday",586.78125
"830","1190-02-04","Sunday",585.75
"831","1189-02-04","Saturday",584.71875
"832","1188-02-05","Friday",583.6875
"833","1187-02-05","Thursday",582.65625
"834","1186-02-05","Wednesday",581.625
"835","1185-02-05","Tuesday",580.59375
"836","1184-02-06","Monday",579.5625
"837","1183-02-06","Sunday",578.53125
"838","1182-02-06","Saturday",577.5
"839","1181-02-06","Friday",576.46875
"840","1180-02-07","Thursday",575.4375
"841","1179-02-07","Wednesday",574.40625
"842","1178-02-07","Tuesday",573.375
"843","1177-02-07","Monday",572.34375
"844","1176-02-08","Sunday",571.3125
"845","1175-02-08","Saturday",570.28125
"846","1174-02-08","Friday",569.25
"847","1173-02-08","Thursday",568.21875
"848","1172-02-09","Wednesday",567.1875
"849","1171-02-09","Tuesday",566.15625
"850","1170-02-09","Monday",565.125
"851","1169-02-09","Sunday",564.09375
"852","1168-02-10","Saturday",563.0625
"853","1167-02-10","Friday",562.03125
"854","1166-02-10","Thursday",561
"855","1165-02-10","Wednesday",559.96875
"856","1164-02-11","Tuesday",558.9375
"857","1163-02-11","Monday",557.90625
"858","1162-02-11","Sunday",556.875
"859","1161-02-11","Saturday",555.84375
"860","1160-02-12","Friday",554.8125
"861","1159-02-12","Thursday",553.78125
"862","1158-02-12","Wednesday",552.75
"863","1157-02-12","Tuesday",551.71875
"864","1156-02-13","Monday",550.6875
"865","1155-02-13","Sunday",549.65625
"866","1154-02-13","Saturday",548.625
"867","1153-02-13","Friday",547.59375
"868","1152-02-14","Thursday",546.5625
"869","1151-02-14","Wednesday",545.53125
"870","1150-02-14","Tuesday",544.5
"871","1149-02-14","Monday",543.46875
"872","1148-02-15","Sunday",542.4375
"873","1147-02-15","Saturday",541.40625
"874","1146-02-15","Friday",540.375
"875","1145-02-15","Thursday",539.34375
"876","1144-02-16","Wednesday",538.3125
"877","1143-02-16","Tuesday",537.28125
"878","1142-02-16","Monday",536.25
"879","1141-02-16","Sunday",535.21875
"880","1140-02-17","Saturday",534.1875
"881","1139-02-17","Friday",533.15625
"882","1138-02-17","Thursday",532.125
"883","1137-02-17","Wednesday",531.09375
"884","1136-02-18","Tuesday",530.0625
"885","1135-02-18","Monday",529.03125
"886","1134-02-18","Sunday",528
"887","1133-02-18","Saturday",526.96875
"888","1132-02-19","Friday",525.9375
"889","1131-02-19","Thursday",524.90625
"890","1130-02-19","Wednesday",523.875
"891","1129-02-19","Tuesday",522.84375
"892","1128-02-20","Monday",521.8125
"893","1127-02-20","Sunday",520.78125
"894","1126-02-20","Saturday",519.75
"895","1125-02-20","Friday",518.71875
"896","1124-02-21","Thursday",517.6875
"897","1123-02-21","Wednesday",516.65625
"898","1122-02-21","Tuesday",515.625
"899","1121-02-21","Monday",514.59375
"900","1120-02-22","Sunday",513.5625
"901","1119-02-22","Saturday",512.53125
"902","1118-02-22","Friday",511.5
"903","1117-02-22","Thursday",510.46875
"904","1116-02-23","Wednesday",509.4375
"905","1115-02-23","Tuesday",508.40625
"906","1114-02-23","Monday",507.375
"907","1113-02-23","Sunday",506.34375
"908","1112-02-24","Saturday",505.3125
"909","1111-02-24","Friday",504.28125
"910","1110-02-24","Thursday",503.25
"911","1109-02-24","Wednesday",502.21875
"912","1108-02-25","Tuesday",501.1875
"913","1107-02-25","Monday",500.15625
"914","1106-02-25","Sunday",499.125
"915","1105-02-25","Saturday",498.09375
"916","1104-02-26","Friday",497.0625
"917","1103-02-26","Thursday",496.03125
"918","1102-02-26","Wednesday",495
"919","1101-02-26","Tuesday",493.96875
"920","1100-02-26","Monday",492.9375
"921","1099-02-26","Sunday",491.90625
"922","1098-02-26","Saturday",490.875
"923","1097-02-26","Friday",489.84375
"924","1096-02-27","Thursday",488.8125
"925","1095-02-27","Wednesday",487.78125
"926","1094-02-27","Tuesday",486.75
"927","1093-02-27","Monday",485.71875
"928","1092-02-28","Sunday",484.6875
"929","1091-02-28","Saturday",483.65625
"930","1090-02-28","Friday",482.625
"931","1089-02-28","Thursday",481.59375
"932","1088-02-29","Wednesday",480.5625
"933","1087-03-01","Tuesday",479.53125
"934","1086-03-01","Monday",478.5
"935","1085-03-01","Sunday",477.46875
"936","1084-03-01","Saturday",476.4375
"937","1083-03-02","Friday",475.40625
"938","1082-03-02","Thursday",474.375
"939","1081-03-02","Wednesday",473.34375
"940","1080-03-02","Tuesday",472.3125
"941","1079-03-03","Monday",471.28125
"942","1078-03-03","Sunday",470.25
"943","1077-03-03","Saturday",469.21875
"944","1076-03-03","Friday",468.1875
"945","1075-03-04","Thursday",467.15625
"946","1074-03-04","Wednesday",466.125
"947","1073-03-04","Tuesday",465.09375
"948","1072-03-04","Monday",464.0625
"949","1071-03-05","Sunday",463.03125
"950","1070-03-05","Saturday",462
"951","1069-03-05","Friday",460.96875
"952","1068-03-05","Thursday",459.9375
"953","1067-03-06","Wednesday",458.90625
"954","1066-03-06","Tuesday",457.875
"955","1065-03-06","Monday",456.84375
"956","1064-03-06","Sunday",455.8125
"957","1063-03-07","Saturday",454.78125
"958","1062-03-07","Friday",453.75
"959","1061-03-07","Thursday",452.71875
"960","1060-03-07","Wednesday",451.6875
"961","1059-03-08","Tuesday",450.65625
"962","1058-03-08","Monday",449.625
"963","1057-03-08","Sunday",448.59375
"964","1056-03-08","Saturday",447.5625
"965","1055-03-09","Friday",446.53125
"966","1054-03-09","Thursday",445.5
"967","1053-03-09","Wednesday",444.46875
"968","1052-03-09","Tuesday",443.4375
"969","1051-03-10","Monday",442.40625
"970","1050-03-10","Sunday",441.375
"971","1049-03-10","Saturday",440.34375
"972","1048-03-10","Friday",439.3125
"973","1047-03-11","Thursday",438.28125
"974","1046-03-11","Wednesday",437.25
"975","1045-03-11","Tuesday",436.21875
"976","1044-03-11","Monday",435.1875
"977","1043-03-12","Sunday",434.15625
"978","1042-03-12","Saturday",433.125
"979","1041-03-12","Friday",432.09375
"980","1040-03-12","Thursday",431.0625
"981","1039-03-13","Wednesday",430.03125
"982","1038-03-13","Tuesday",429
"983","1037-03-13","Monday",427.96875
"984","1036-03-13","Sunday",426.9375
"985","1035-03-14","Saturday",425.90625
"986","1034-03-14","Friday",424.875
"987","1033-03-14","Thursday",423.84375
"988","1032-03-14","Wednesday",422.8125
"989","1031-03-15","Tuesday",421.78125
"990","1030-03-15","Monday",420.75
"991","1029-03-15","Sunday",419.71875
"992","1028-03-15","Saturday",418.6875
"993","1027-03-16","Friday",417.65625
"994","1026-03-16","Thursday",416.625
"995","1025-03-16","Wednesday",415.59375
"996","1024-03-16","Tuesday",414.5625
"997","1023-03-17","Monday",413.53125
"998","1022-03-17","Sunday",412.5
"999","1021-03-17","Saturday",411.46875
"1000","1020-03-17","Friday",410.4375
"1001","1019-03-18","Thursday",409.40625
"1002","1018-03-18","Wednesday",408.375
"1003","1017-03-18","Tuesday",407.34375
"1004","1016-03-18","Monday",406.3125
"1005","1015-03-19","Sunday",405.28125
"1006","1014-03-19","Saturday",404.25
"1007","1013-03-19","Friday",403.21875
"1008","1012-03-19","Thursday",402.1875
"1009","1011-03-20","Wednesday",401.15625
"1010","1010-03-20","Tuesday",400.125
"1011","1009-03-20","Monday",399.09375
"1012","1008-03-20","Sunday",398.0625
"1013","1007-03-21","Saturday",397.03125
"1014","1006-03-21","Friday",396
"1015","1005-03-21","Thursday",394.96875
"1016","1004-03-21","Wednesday",393.9375
"1017","1003-03-22","Tuesday",392.90625
"1018","1002-03-22","Monday",391.875
"1019","1001-03-22","Sunday",390.84375
"1020","1000-03-22","Saturday",389.8125
"1021","999-03-22","Friday",388.78125
"1022","998-03-22","Thursday",387.75
"1023","997-03-22","Wednesday",386.71875
"1024","996-03-22","Tuesday",385.6875
"1025","995-03-23","Monday",384.65625
"1026","994-03-23","Sunday",383.625
"1027","993-03-23","Saturday",382.59375
"1028","992-03-23","Friday",381.5625
"1029","991-03-24","Thursday",380.53125
"1030","990-03-24","Wednesday",379.5
"1031","989-03-24","Tuesday",378.46875
"1032","988-03-24","Monday",377.4375
"1033","987-03-25","Sunday",376.40625
"1034","986-03-25","Saturday",375.375
"1035","985-03-25","Friday",374.34375
"1036","984-03-25","Thursday",373.3125
"1037","983-03-26","Wednesday",372.28125
"1038","982-03-26","Tuesday",371.25
"1039","981-03-26","Monday",370.21875
"1040","980-03-26","Sunday",369.1875
"1041","979-03-27","Saturday",368.15625
"1042","978-03-27","Friday",367.125
"1043","977-03-27","Thursday",366.09375
"1044","976-03-27","Wednesday",365.0625
"1045","975-03-28","Tuesday",364.03125
"1046","974-03-28","Monday",363
"1047","973-03-28","Sunday",361.96875
"1048","972-03-28","Saturday",360.9375
"1049","971-03-29","Friday",359.90625
"1050","970-03-29","Thursday",358.875
"1051","969-03-29","Wednesday",357.84375
"1052","968-03-29","Tuesday",356.8125
"1053","967-03-30","Monday",355.78125
"1054","966-03-30","Sunday",354.75
"1055","965-03-30","Saturday",353.71875
"1056","964-03-30","Friday",352.6875
"1057","963-03-31","Thursday",351.65625
"1058","962-03-31","Wednesday",350.625
"1059","961-03-31","Tuesday",349.59375
"1060","960-03-31","Monday",348.5625
"1061","959-04-01","Sunday",347.53125
"1062","958-04-01","Saturday",346.5
"1063","957-04-01","Friday",345.46875
"1064","956-04-01","Thursday",344.4375
"1065","955-04-02","Wednesday",343.40625
"1066","954-04-02","Tuesday",342.375
"1067","953-04-02","Monday",341.34375
"1068","952-04-02","Sunday",340.3125
"1069","951-04-03","Saturday",339.28125
"1070","950-04-03","Friday",338.25
"1071","949-04-03","Thursday",337.21875
"1072","948-04-03","Wednesday",336.1875
"1073","947-04-04","Tuesday",335.15625
"1074","946-04-04","Monday",334.125
"1075","945-04-04","Sunday",333.09375
"1076","944-04-04","Saturday",332.0625
"1077","943-04-05","Friday",331.03125
"1078","942-04-05","Thursday",330
"1079","941-04-05","Wednesday",328.96875
"1080","940-04-05","Tuesday",327.9375
"1081","939-04-06","Monday",326.90625
"1082","938-04-06","Sunday",325.875
"1083","937-04-06","Saturday",324.84375
"1084","936-04-06","Friday",323.8125
"1085","935-04-07","Thursday",322.78125
"1086","934-04-07","Wednesday",321.75
"1087","933-04-07","Tuesday",320.71875
"1088","932-04-07","Monday",319.6875
"1089","931-04-08","Sunday",318.65625
"1090","930-04-08","Saturday",317.625
"1091","929-04-08","Friday",316.59375
"1092","928-04-08","Thursday",315.5625
"1093","927-04-09","Wednesday",314.53125
"1094","926-04-09","Tuesday",313.5
"1095","925-04-09","Monday",312.46875
"1096","924-04-09","Sunday",311.4375
"1097","923-04-10","Saturday",310.40625
"1098","922-04-10","Friday",309.375
"1099","921-04-10","Thursday",308.34375
"1100","920-04-10","Wednesday",307.3125
"1101","919-04-11","Tuesday",306.28125
"1102","918-04-11","Monday",305.25
"1103","917-04-11","Sunday",304.21875
"1104","916-04-11","Saturday",303.1875
"1105","915-04-12","Friday",302.15625
"1106","914-04-12","Thursday",301.125
"1107","913-04-12","Wednesday",300.09375
"1108","912-04-12","Tuesday",299.0625
"1109","911-04-13","Monday",298.03125
"1110","910-04-13","Sunday",297
"1111","909-04-13","Saturday",295.96875
"1112","908-04-13","Friday",294.9375
"1113","907-04-14","Thursday",293.90625
"1114","906-04-14","Wednesday",292.875
"1115","905-04-14","Tuesday",291.84375
"1116","904-04-14","Monday",290.8125
"1117","903-04-15","Sunday",289.78125
"1118","902-04-15","Saturday",288.75
"1119","901-04-15","Friday",287.71875
"1120","900-04-15","Thursday",286.6875
"1121","899-04-15","Wednesday",285.65625
"1122","898-04-15","Tuesday",284.625
"1123","897-04-15","Monday",283.59375
"1124","896-04-15","Sunday",282.5625
"1125","895-04-16","Saturday",281.53125
"1126","894-04-16","Friday",280.5
"1127","893-04-16","Thursday",279.46875
"1128","892-04-16","Wednesday",278.4375
"1129","891-04-17","Tuesday",277.40625
"1130","890-04-17","Monday",276.375
"1131","889-04-17","Sunday",275.34375
"1132","888-04-17","Saturday",274.3125
"1133","887-04-18","Friday",273.28125
"1134","886-04-18","Thursday",272.25
"1135","885-04-18","Wednesday",271.21875
"1136","884-04-18","Tuesday",270.1875
"1137","883-04-19","Monday",269.15625
"1138","882-04-19","Sunday",268.125
"1139","881-04-19","Saturday",267.09375
"1140","880-04-19","Friday",266.0625
"1141","879-04-20","Thursday",265.03125
"1142","878-04-20","Wednesday",264
"1143","877-04-20","Tuesday",262.96875
"1144","876-04-20","Monday",261.9375
"1145","875-04-21","Sunday",260.90625
"1146","874-04-21","Saturday",259.875
"1147","873-04-21","Friday",258.84375
"1148","872-04-21","Thursday",257.8125
"1149","871-04-22","Wednesday",256.78125
"1150","870-04-22","Tuesday",255.75
"1151","869-04-22","Monday",254.71875
"1152","868-04-22","Sunday",253.6875
"1153","867-04-23","Saturday",252.65625
"1154","866-04-23","Friday",251.625
"1155","865-04-23","Thursday",250.59375
"1156","864-04-23","Wednesday",249.5625
"1157","863-04-24","Tuesday",248.53125
"1158","862-04-24","Monday",247.5
"1159","861-04-24","Sunday",246.46875
"1160","860-04-24","Saturday",245.4375
"1161","859-04-25","Friday",244.40625
"1162","858-04-25","Thursday",243.375
"1163","857-04-25","Wednesday",242.34375
"1164","856-04-25","Tuesday",241.3125
"1165","855-04-26","Monday",240.28125
"1166","854-04-26","Sunday",239.25
"1167","853-04-26","Saturday",238.21875
"1168","852-04-26","Friday",237.1875
"1169","851-04-27","Thursday",236.15625
"1170","850-04-27","Wednesday",235.125
"1171","849-04-27","Tuesday",234.09375
"1172","848-04-27","Monday",233.0625
"1173","847-04-28","Sunday",232.03125
"1174","846-04-28","Saturday",231
"1175","845-04-28","Friday",229.96875
"1176","844-04-28","Thursday",228.9375
"1177","843-04-29","Wednesday",227.90625
"1178","842-04-29","Tuesday",226.875
"1179","841-04-29","Monday",225.84375
"1180","840-04-29","Sunday",224.8125
"1181","839-04-30","Saturday",223.78125
"1182","838-04-30","Friday",222.75
"1183","837-04-30","Thursday",221.71875
"1184","836-04-30","Wednesday",220.6875
"1185","835-05-01","Tuesday",219.65625
"1186","834-05-01","Monday",218.625
"1187","833-05-01","Sunday",217.59375
"1188","832-05-01","Saturday",216.5625
"1189","831-05-02","Friday",215.53125
"1190","830-05-02","Thursday",214.5
"1191","829-05-02","Wednesday",213.46875
"1192","828-05-02","Tuesday",212.4375
"1193","827-05-03","Monday",211.40625
"1194","826-05-03","Sunday",210.375
"1195","825-05-03","Saturday",209.34375
"1196","824-05-03","Friday",208.3125
"1197","823-05-04","Thursday",207.28125
"1198","822-05-04","Wednesday",206.25
"1199","821-05-04","Tuesday",205.21875
"1200","820-05-04","Monday",204.1875
"1201","819-05-05","Sunday",203.15625
"1202","818-05-05","Saturday",202.125
"1203","817-05-05","Friday",201.09375
"1204","816-05-05","Thursday",200.0625
"1205","815-05-06","Wednesday",199.03125
"1206","814-05-06","Tuesday",198
"1207","813-05-06","Monday",196.96875
"1208","812-05-06","Sunday",195.9375
"1209","811-05-07","Saturday",194.90625
"1210","810-05-07","Friday",193.875
"1211","809-05-07","Thursday",192.84375
"1212","808-05-07","Wednesday",191.8125
"1213","807-05-08","Tuesday",190.78125
"1214","806-05-08","Monday",189.75
"1215","805-05-08","Sunday",188.71875
"1216","804-05-08","Saturday",187.6875
"1217","803-05-09","Friday",186.65625
"1218","802-05-09","Thursday",185.625
"1219","801-05-09","Wednesday",184.59375
"1220","800-05-09","Tuesday",183.5625
"1221","799-05-10","Monday",182.53125
"1222","798-05-10","Sunday",181.5
"1223","797-05-10","Saturday",180.46875
"1224","796-05-10","Friday",179.4375
"1225","795-05-11","Thursday",178.40625
"1226","794-05-11","Wednesday",177.375
"1227","793-05-11","Tuesday",176.34375
"1228","792-05-11","Monday",175.3125
"1229","791-05-12","Sunday",174.28125
"1230","790-05-12","Saturday",173.25
"1231","789-05-12","Friday",172.21875
"1232","788-05-12","Thursday",171.1875
"1233","787-05-13","Wednesday",170.15625
"1234","786-05-13","Tuesday",169.125
"1235","785-05-13","Monday",168.09375
"1236","784-05-13","Sunday",167.0625
"1237","783-05-14","Saturday",166.03125
"1238","782-05-14","Friday",165
"1239","781-05-14","Thursday",163.96875
"1240","780-05-14","Wednesday",162.9375
"1241","779-05-15","Tuesday",161.90625
"1242","778-05-15","Monday",160.875
"1243","777-05-15","Sunday",159.84375
"1244","776-05-15","Saturday",158.8125
"1245","775-05-16","Friday",157.78125
"1246","774-05-16","Thursday",156.75
"1247","773-05-16","Wednesday",155.71875
"1248","772-05-16","Tuesday",154.6875
"1249","771-05-17","Monday",153.65625
"1250","770-05-17","Sunday",152.625
"1251","769-05-17","Saturday",151.59375
"1252","768-05-17","Friday",150.5625
"1253","767-05-18","Thursday",149.53125
"1254","766-05-18","Wednesday",148.5
"1255","765-05-18","Tuesday",147.46875
"1256","764-05-18","Monday",146.4375
"1257","763-05-19","Sunday",145.40625
"1258","762-05-19","Saturday",144.375
"1259","761-05-19","Friday",143.34375
"1260","760-05-19","Thursday",142.3125
"1261","759-05-20","Wednesday",141.28125
"1262","758-05-20","Tuesday",140.25
"1263","757-05-20","Monday",139.21875
"1264","756-05-20","Sunday",138.1875
"1265","755-05-21","Saturday",137.15625
"1266","754-05-21","Friday",136.125
"1267","753-05-21","Thursday",135.09375
"1268","752-05-21","Wednesday",134.0625
"1269","751-05-22","Tuesday",133.03125
"1270","750-05-22","Monday",132
"1271","749-05-22","Sunday",130.96875
"1272","748-05-22","Saturday",129.9375
"1273","747-05-23","Friday",128.90625
"1274","746-05-23","Thursday",127.875
"1275","745-05-23","Wednesday",126.84375
"1276","744-05-23","Tuesday",125.8125
"1277","743-05-24","Monday",124.78125
"1278","742-05-24","Sunday",123.75
"1279","741-05-24","Saturday",122.71875
"1280","740-05-24","Friday",121.6875
"1281","739-05-25","Thursday",120.65625
"1282","738-05-25","Wednesday",119.625
"1283","737-05-25","Tuesday",118.59375
"1284","736-05-25","Monday",117.5625
"1285","735-05-26","Sunday",116.53125
"1286","734-05-26","Saturday",115.5
"1287","733-05-26","Friday",114.46875
"1288","732-05-26","Thursday",113.4375
"1289","731-05-27","Wednesday",112.40625
"1290","730-05-27","Tuesday",111.375
"1291","729-05-27","Monday",110.34375
"1292","728-05-27","Sunday",109.3125
"1293","727-05-28","Saturday",108.28125
"1294","726-05-28","Friday",107.25
"1295","725-05-28","Thursday",106.21875
"1296","724-05-28","Wednesday",105.1875
"1297","723-05-29","Tuesday",104.15625
"1298","722-05-29","Monday",103.125
"1299","721-05-29","Sunday",102.09375
"1300","720-05-29","Saturday",101.0625
"1301","719-05-30","Friday",100.03125
"1302","718-05-30","Thursday",99
"1303","717-05-30","Wednesday",97.96875
"1304","716-05-30","Tuesday",96.9375
"1305","715-05-31","Monday",95.90625
"1306","714-05-31","Sunday",94.875
"1307","713-05-31","Saturday",93.84375
"1308","712-05-31","Friday",92.8125
"1309","711-06-01","Thursday",91.78125
"1310","710-06-01","Wednesday",90.75
"1311","709-06-01","Tuesday",89.71875
"1312","708-06-01","Monday",88.6875
"1313","707-06-02","Sunday",87.65625
"1314","706-06-02","Saturday",86.625
"1315","705-06-02","Friday",85.59375
"1316","704-06-02","Thursday",84.5625
"1317","703-06-03","Wednesday",83.53125
"1318","702-06-03","Tuesday",82.5
"1319","701-06-03","Monday",81.46875
"1320","700-06-03","Sunday",80.4375
"1321","699-06-03","Saturday",79.40625
"1322","698-06-03","Friday",78.375
"1323","697-06-03","Thursday",77.34375
"1324","696-06-03","Wednesday",76.3125
"1325","695-06-04","Tuesday",75.28125
"1326","694-06-04","Monday",74.25
"1327","693-06-04","Sunday",73.21875
"1328","692-06-04","Saturday",72.1875
"1329","691-06-05","Friday",71.15625
"1330","690-06-05","Thursday",70.125
"1331","689-06-05","Wednesday",69.09375
"1332","688-06-05","Tuesday",68.0625
"1333","687-06-06","Monday",67.03125
"1334","686-06-06","Sunday",66
"1335","685-06-06","Saturday",64.96875
"1336","684-06-06","Friday",63.9375
"1337","683-06-07","Thursday",62.90625
"1338","682-06-07","Wednesday",61.875
"1339","681-06-07","Tuesday",60.84375
"1340","680-06-07","Monday",59.8125
"1341","679-06-08","Sunday",58.78125
"1342","678-06-08","Saturday",57.75
"1343","677-06-08","Friday",56.71875
"1344","676-06-08","Thursday",55.6875
"1345","675-06-09","Wednesday",54.65625
"1346","674-06-09","Tuesday",53.625
"1347","673-06-09","Monday",52.59375
"1348","672-06-09","Sunday",51.5625
"1349","671-06-10","Saturday",50.53125
"1350","670-06-10","Friday",49.5
"1351","669-06-10","Thursday",48.46875
"1352","668-06-10","Wednesday",47.4375
"1353","667-06-11","Tuesday",46.40625
"1354","666-06-11","Monday",45.375
"1355","665-06-11","Sunday",44.34375
"1356","664-06-11","Saturday",43.3125
"1357","663-06-12","Friday",42.28125
"1358","662-06-12","Thursday",41.25
"1359","661-06-12","Wednesday",40.21875
"1360","660-06-12","Tuesday",39.1875
"1361","659-06-13","Monday",38.15625
"1362","658-06-13","Sunday",37.125
"1363","657-06-13","Saturday",36.09375
"1364","656-06-13","Friday",35.0625
"1365","655-06-14","Thursday",34.03125
"1366","654-06-14","Wednesday",33
"1367","653-06-14","Tuesday",31.96875
"1368","652-06-14","Monday",30.9375
"1369","651-06-15","Sunday",29.90625
"1370","650-06-15","Saturday",28.875
"1371","649-06-15","Friday",27.84375
"1372","648-06-15","Thursday",26.8125
"1373","647-06-16","Wednesday",25.78125
"1374","646-06-16","Tuesday",24.75
"1375","645-06-16","Monday",23.71875
"1376","644-06-16","Sunday",22.6875
"1377","643-06-17","Saturday",21.65625
"1378","642-06-17","Friday",20.625
"1379","641-06-17","Thursday",19.59375
"1380","640-06-17","Wednesday",18.5625
"1381","639-06-18","Tuesday",17.53125
"1382","638-06-18","Monday",16.5
"1383","637-06-18","Sunday",15.46875
"1384","636-06-18","Saturday",14.4375
"1385","635-06-19","Friday",13.40625
"1386","634-06-19","Thursday",12.375
"1387","633-06-19","Wednesday",11.34375
"1388","632-06-19","Tuesday",10.3125
"1389","631-06-20","Monday",9.28125
"1390","630-06-20","Sunday",8.25
"1391","629-06-20","Saturday",7.21875
"1392","628-06-20","Friday",6.1875
"1393","627-06-21","Thursday",5.15625
"1394","626-06-21","Wednesday",4.125
"1395","625-06-21","Tuesday",3.09375
"1396","624-06-21","Monday",2.0625
"1397","623-06-22","Sunday",1.03125
"1398","622-06-22","Saturday",0
"1399","621-06-22","Friday",-1.03125
"1400","620-06-22","Thursday",-2.0625
"1401","619-06-23","Wednesday",-3.09375
"1402","618-06-23","Tuesday",-4.125
"1403","617-06-23","Monday",-5.15625
"1404","616-06-23","Sunday",-6.1875
"1405","615-06-24","Saturday",-7.21875
"1406","614-06-24","Friday",-8.25
"1407","613-06-24","Thursday",-9.28125
"1408","612-06-24","Wednesday",-10.3125
"1409","611-06-25","Tuesday",-11.34375
"1410","610-06-25","Monday",-12.375
"1411","609-06-25","Sunday",-13.40625
"1412","608-06-25","Saturday",-14.4375
"1413","607-06-26","Friday",-15.46875
"1414","606-06-26","Thursday",-16.5
"1415","605-06-26","Wednesday",-17.53125
"1416","604-06-26","Tuesday",-18.5625
"1417","603-06-27","Monday",-19.59375
"1418","602-06-27","Sunday",-20.625
"1419","601-06-27","Saturday",-21.65625
"1420","600-06-27","Friday",-22.6875
"1421","599-06-27","Thursday",-23.71875
"1422","598-06-27","Wednesday",-24.75
"1423","597-06-27","Tuesday",-25.78125
"1424","596-06-27","Monday",-26.8125
"1425","595-06-28","Sunday",-27.84375
"1426","594-06-28","Saturday",-28.875
"1427","593-06-28","Friday",-29.90625
"1428","592-06-28","Thursday",-30.9375
"1429","591-06-29","Wednesday",-31.96875
"1430","590-06-29","Tuesday",-33
"1431","589-06-29","Monday",-34.03125
"1432","588-06-29","Sunday",-35.0625
"1433","587-06-30","Saturday",-36.09375
"1434","586-06-30","Friday",-37.125
"1435","585-06-30","Thursday",-38.15625
"1436","584-06-30","Wednesday",-39.1875
"1437","583-07-01","Tuesday",-40.21875
"1438","582-07-01","Monday",-41.25
"1439","581-07-01","Sunday",-42.28125
"1440","580-07-01","Saturday",-43.3125
"1441","579-07-02","Friday",-44.34375
"1442","578-07-02","Thursday",-45.375
"1443","577-07-02","Wednesday",-46.40625
"1444","576-07-02","Tuesday",-47.4375
"1445","575-07-03","Monday",-48.46875
"1446","574-07-03","Sunday",-49.5
"1447","573-07-03","Saturday",-50.53125
"1448","572-07-03","Friday",-51.5625
"1449","571-07-04","Thursday",-52.59375
"1450","570-07-04","Wednesday",-53.625
"1451","569-07-04","Tuesday",-54.65625
"1452","568-07-04","Monday",-55.6875
"1453","567-07-05","Sunday",-56.71875
"1454","566-07-05","Saturday",-57.75
"1455","565-07-05","Friday",-58.78125
"1456","564-07-05","Thursday",-59.8125
"1457","563-07-06","Wednesday",-60.84375
"1458","562-07-06","Tuesday",-61.875
"1459","561-07-06","Monday",-62.90625
"1460","560-07-06","Sunday",-63.9375
"1461","559-07-07","Saturday",-64.96875
"1462","558-07-07","Friday",-66
"1463","557-07-07","Thursday",-67.03125
"1464","556-07-07","Wednesday",-68.0625
"1465","555-07-08","Tuesday",-69.09375
"1466","554-07-08","Monday",-70.125
"1467","553-07-08","Sunday",-71.15625
"1468","552-07-08","Saturday",-72.1875
"1469","551-07-09","Friday",-73.21875
"1470","550-07-09","Thursday",-74.25
"1471","549-07-09","Wednesday",-75.28125
"1472","548-07-09","Tuesday",-76.3125
"1473","547-07-10","Monday",-77.34375
"1474","546-07-10","Sunday",-78.375
"1475","545-07-10","Saturday",-79.40625
"1476","544-07-10","Friday",-80.4375
"1477","543-07-11","Thursday",-81.46875
"1478","542-07-11","Wednesday",-82.5
"1479","541-07-11","Tuesday",-83.53125
"1480","540-07-11","Monday",-84.5625
"1481","539-07-12","Sunday",-85.59375
"1482","538-07-12","Saturday",-86.625
"1483","537-07-12","Friday",-87.65625
"1484","536-07-12","Thursday",-88.6875
"1485","535-07-13","Wednesday",-89.71875
"1486","534-07-13","Tuesday",-90.75
"1487","533-07-13","Monday",-91.78125
"1488","532-07-13","Sunday",-92.8125
"1489","531-07-14","Saturday",-93.84375
"1490","530-07-14","Friday",-94.875
"1491","529-07-14","Thursday",-95.90625
"1492","528-07-14","Wednesday",-96.9375
"1493","527-07-15","Tuesday",-97.96875
"1494","526-07-15","Monday",-99
"1495","525-07-15","Sunday",-100.03125
"1496","524-07-15","Saturday",-101.0625
"1497","523-07-16","Friday",-102.09375
"1498","522-07-16","Thursday",-103.125
"1499","521-07-16","Wednesday",-104.15625
"1500","520-07-16","Tuesday",-105.1875
